"","final_account","final_article_link","final_title_img"
"1","投资界","http://mp.weixin.qq.com/s?__biz=MjM5NDAzMzQ2MA==&mid=208839562&idx=1&sn=4efc50a3890f913dd21f54f5ca294e8e&3rd=MzA3MDU4NTYzMw==&scene=6#rd","http://img01.store.sogou.com/net/a/04/link?appid=100520031&url=http://mmbiz.qpic.cn/mmbiz/1knbsSicdNXwRIjzIB06NC3Cusop0AO3iamHicG9dscJXXLMdtrY2ZkYMZNN4VlcIUhor3qbQwGZhficUU1gH6gPGg/0?wx_fmt=jpeg"
"2","微赢商","http://mp.weixin.qq.com/s?__biz=MzA4NTU3NzA3OA==&mid=210498070&idx=8&sn=2b5239d35eda103cc2269773755c67cb&3rd=MzA3MDU4NTYzMw==&scene=6#rd","http://img01.store.sogou.com/net/a/04/link?appid=100520031&url=http://mmbiz.qpic.cn/mmbiz/3hAQfuprBUqZ6n6L2KGmOLvozBM9lt0I0IGK6ghNacZbrfKCpFYPq6M34HAgx6KRWqyp8htRwacQpI2EoMcOPw/0?wx_fmt=jpeg"
"3","草莓秀","http://mp.weixin.qq.com/s?__biz=MzA4NTU3NzA3OA==&mid=210498070&idx=8&sn=2b5239d35eda103cc2269773755c67cb&3rd=MzA3MDU4NTYzMw==&scene=6#rd","http://img01.store.sogou.com/net/a/04/link?appid=100520031&url=http://mmbiz.qpic.cn/mmbiz/vMNia6zvXo094Lq5uwdwzibRNLfdyVtnXctRaAOozQGdopiaOCfLnvwxnjCFhiawjicic47Ugk4xVbs8QBVE9hoWBu2A/0?wx_fmt=jpeg"
"4","潮流家电网","http://mp.weixin.qq.com/s?__biz=MzAxMjExOTMzMQ==&mid=209642636&idx=2&sn=579af82fc987165a69473b1a7ade5c50&3rd=MzA3MDU4NTYzMw==&scene=6#rd","http://img01.store.sogou.com/net/a/04/link?appid=100520031&url=http://mmbiz.qpic.cn/mmbiz/4qa1Rf9HBAdWCicQ8Tmx0lo92tvzIrPX42w9Bv2YJ5CWENsUX5Fk1HRmF56WMWAmfuQ5hSict0VbRA8tkk9nfnOA/0?wx_fmt=jpeg"
"5","福建人才网","http://mp.weixin.qq.com/s?__biz=MzAxMjExOTMzMQ==&mid=209642636&idx=2&sn=579af82fc987165a69473b1a7ade5c50&3rd=MzA3MDU4NTYzMw==&scene=6#rd","http://img01.store.sogou.com/net/a/04/link?appid=100520031&url=http://mmbiz.qpic.cn/mmbiz/lSqj1icIaicdnkUOVWtWFWb53ibdmerRJFJWyuwicPsIGkJic3KN2FrqkEkhXCKQibWS3FytxDHznTWMZ20vncicCZfiaA/0?wx_fmt=jpeg"
"6","MBA","http://mp.weixin.qq.com/s?__biz=MzA5NDIxMDUyNA==&mid=216878912&idx=4&sn=24dc993366bdddf43e4d0ae1d07fcec6&3rd=MzA3MDU4NTYzMw==&scene=6#rd","http://img01.store.sogou.com/net/a/04/link?appid=100520031&url=http://mmbiz.qpic.cn/mmbiz/yUYQq9gX6hFTic5Cdtx7FUp2pSgYvKlEh7KAeQ6zpFwWzO1iaJaPiaSic8iaBIa7RbByoVX02wucsNrUEajrcDaPteQ/0?wx_fmt=jpeg"
"7","物流中国","http://mp.weixin.qq.com/s?__biz=MzA5NDIxMDUyNA==&mid=216878912&idx=4&sn=24dc993366bdddf43e4d0ae1d07fcec6&3rd=MzA3MDU4NTYzMw==&scene=6#rd","http://img01.store.sogou.com/net/a/04/link?appid=100520031&url=http://mmbiz.qpic.cn/mmbiz/ZZWUqgezvoAQblwbDnpL1HrH06J2Xe0yIpEK2Z2mW7IQxOvMoVWmzTibKy1NHfe3N1KYpjwVDSvxGd0dAGFic3dw/0?wx_fmt=jpeg"
"8","股市汇","http://mp.weixin.qq.com/s?__biz=MjM5MTIxNDg2Mg==&mid=210358450&idx=4&sn=8abcef63bd2138da44f39d15b0cc8a98&3rd=MzA3MDU4NTYzMw==&scene=6#rd","http://img01.store.sogou.com/net/a/04/link?appid=100520031&url=http://mmbiz.qpic.cn/mmbiz/KgX3URHQdCR9xOHv5EP7qoX2ItPX9ekZJaicXXRbggRR8iaNJHWQJD3ftVVskuia5jxFQHmPZSa1iau57ZzAibmDiayQ/0?wx_fmt=jpeg"
"9","季布一诺","http://mp.weixin.qq.com/s?__biz=MjM5MTIxNDg2Mg==&mid=210358450&idx=4&sn=8abcef63bd2138da44f39d15b0cc8a98&3rd=MzA3MDU4NTYzMw==&scene=6#rd","http://img01.store.sogou.com/net/a/04/link?appid=100520031&url=http://mmbiz.qpic.cn/mmbiz/aZV4TG3S1VWZQEDH3x8TcdsZMDc4w6kTYWiaFIQkekQCQvXEkTWSibJ0lznw4NSlIKm6ibL3RVzHVpicicn4dxAvmIg/0?wx_fmt=jpeg"
"10","得不得DBDDJ","http://mp.weixin.qq.com/s?__biz=MjM5NjE1MTEwMg==&mid=208537026&idx=3&sn=cac3c8f840f04a65c67b5596d1c7047f&3rd=MzA3MDU4NTYzMw==&scene=6#rd","http://img01.store.sogou.com/net/a/04/link?appid=100520031&url=http://mmbiz.qpic.cn/mmbiz/Hx45aoaJnY2icmK4Elbz3vgOl7R9sw2se2uq695ZyrIDQGtM4VicFh9u9wKamdywtcKvtVKaAibmtrplBvXPaP9Mg/0?wx_fmt=jpeg"
"11","武汉北大青鸟鲁广校区","http://mp.weixin.qq.com/s?__biz=MjM5NTE3NTUzMw==&mid=206608190&idx=1&sn=dd46b0d483b6ff5a38e01073ed713129&3rd=MzA3MDU4NTYzMw==&scene=6#rd","http://img01.store.sogou.com/net/a/04/link?appid=100520031&url=http://mmbiz.qpic.cn/mmbiz/91xk4icxibeqK9wvI7nn0rZaKYxnJQzdfCmo0EOVljZOMYcxPyBnj1U9CqfG9tclxgZ8JM7WwAzlMgicIofMaDa3Q/0?wx_fmt=jpeg"
"12","伊哇社区","http://mp.weixin.qq.com/s?__biz=MzAxNTM1NDY3NQ==&mid=210187017&idx=1&sn=d7dcd64fdb1a0b2ad94498e2d3712b24&3rd=MzA3MDU4NTYzMw==&scene=6#rd","http://img01.store.sogou.com/net/a/04/link?appid=100520031&url=http://mmbiz.qpic.cn/mmbiz/liccLhb2gkVA4UibkuZYoCtSO0qiaHKCHYWJfQVSQKmqDic6qHrLhVYfeSevUibG3j9GQxk5mCqyqxkOiaRdveIFQ1dw/0?wx_fmt=jpeg"
"13","百度百家","http://mp.weixin.qq.com/s?__biz=MzAxNTM1NDY3NQ==&mid=210187017&idx=1&sn=d7dcd64fdb1a0b2ad94498e2d3712b24&3rd=MzA3MDU4NTYzMw==&scene=6#rd","http://img01.store.sogou.com/net/a/04/link?appid=100520031&url=http://mmbiz.qpic.cn/mmbiz/3ia3AlfrSLnbRiaaf2zbTLDshNjTiarNAmFVPZVtiaEeMO9vXcVVKCQo2EArUa9OfKGlAqbGyxrvzDWQkRR2w7kfMg/0?wx_fmt=jpeg"
"14","3Wcoffee深圳","http://mp.weixin.qq.com/s?__biz=MzA3MTI0OTcyNg==&mid=211617909&idx=1&sn=bfe465fe16882b0bb8614f3bf175c38f&3rd=MzA3MDU4NTYzMw==&scene=6#rd","http://img01.store.sogou.com/net/a/04/link?appid=100520031&url=http://mmbiz.qpic.cn/mmbiz/NSe7kSRwxQ3BlWSHS2xREIlZMBrNkibgaEDByiaIlzqWnC8lg1sREyPha2wFhWSuzvcDVGBdbV073tuCEbgZT84w/0?wx_fmt=jpeg"
"15","无锡商报","http://mp.weixin.qq.com/s?__biz=MzA3MTI0OTcyNg==&mid=211617909&idx=1&sn=bfe465fe16882b0bb8614f3bf175c38f&3rd=MzA3MDU4NTYzMw==&scene=6#rd","http://img01.store.sogou.com/net/a/04/link?appid=100520031&url=http://mmbiz.qpic.cn/mmbiz/9KWBKaiaZAPcr3tIAYkFpeH8zoOvkwFv19mT0cmiacLXreylWQBEUKZDG7HTN5m8icFsM9bkeQGLQw2TKcdr3LJFg/0?wx_fmt=jpeg"
"16","智|袜业","http://mp.weixin.qq.com/s?__biz=MzA3NDQ4NTUwOA==&mid=208921797&idx=1&sn=0d9ee2dc84e3a591103ad6eb98d01913&3rd=MzA3MDU4NTYzMw==&scene=6#rd","http://img01.store.sogou.com/net/a/04/link?appid=100520031&url=http://mmbiz.qpic.cn/mmbiz/gZwjxlkUNmsicCza9IAanL52ibhxWDxk1Siaoc9frln4ctuEYQjt2hgrv153mGXEYS0XdicOltSkTbGFsEVKGTVQWw/0?wx_fmt=jpeg"
"17","仁义咏春拳馆","http://mp.weixin.qq.com/s?__biz=MzA3NDQ4NTUwOA==&mid=208921797&idx=1&sn=0d9ee2dc84e3a591103ad6eb98d01913&3rd=MzA3MDU4NTYzMw==&scene=6#rd","http://img01.store.sogou.com/net/a/04/link?appid=100520031&url=http://mmbiz.qpic.cn/mmbiz/icxPxxh6PELNibDDySoYNNzictrWormPwBKnicfGBkdmZd7OeMXEQjjiblwfLjnibMjup0hn08ooNKVQs9HcFGRicEgsw/0?wx_fmt=jpeg"
"18","圈点联盟","http://mp.weixin.qq.com/s?__biz=MzA5Mzc1NzYyNg==&mid=207415295&idx=2&sn=0384a79373bf8703636eddfb0c1ade29&3rd=MzA3MDU4NTYzMw==&scene=6#rd","http://img01.store.sogou.com/net/a/04/link?appid=100520031&url=http://mmbiz.qpic.cn/mmbiz/VCw0hfkLH0sZUC7s2w5e3C5wSICulmUlsHvP92OWSehiajH9Ccgpkn4htwfDUicwyUyy407xFK5eHMFK2ufszcuA/0?wx_fmt=jpeg"
"19","腾讯科技","http://mp.weixin.qq.com/s?__biz=MzA5Mzc1NzYyNg==&mid=207415295&idx=2&sn=0384a79373bf8703636eddfb0c1ade29&3rd=MzA3MDU4NTYzMw==&scene=6#rd","http://img01.store.sogou.com/net/a/04/link?appid=100520031&url=http://mmbiz.qpic.cn/mmbiz/ow6przZuPIEssVTAc42zcia5ZLfKQia2CPic4GteZm61IJibHBda7DobnvIIvdO2KzzpjFErzMY0p2TIQxNzIlEpDQ/0?wx_fmt=jpeg"
"20","资本论","http://mp.weixin.qq.com/s?__biz=MzA3ODM2ODA4MQ==&mid=209144575&idx=6&sn=f1dd43b68cdd4cf008aef4d9206b8ea2&3rd=MzA3MDU4NTYzMw==&scene=6#rd","http://img01.store.sogou.com/net/a/04/link?appid=100520031&url=http://mmbiz.qpic.cn/mmbiz/S6mgpicKNWVdhatq3aNfKW9wQl04dEXfUDHZXvkUEY0KMjlEsRPhib8aG5jc6SKMrJrzhZsV9se8Tyqldgp8YgrA/0?wx_fmt=jpeg"
"21","青年e家","http://mp.weixin.qq.com/s?__biz=MjM5MzQ0NjE2MQ==&mid=215292594&idx=2&sn=fc3264bb763858887e2565b8e25af93b&3rd=MzA3MDU4NTYzMw==&scene=6#rd","http://img01.store.sogou.com/net/a/04/link?appid=100520031&url=http://mmbiz.qpic.cn/mmbiz/Z0xrvaeKVyVY35gJ5Cwpd1OQLmuXcncVZywicB6ag4e487w2LlXDGMAVDrD7vWTxwp9MvfwqmWIccxicPqouO8dg/0?wx_fmt=jpeg"
"22","SeekTarget","http://mp.weixin.qq.com/s?__biz=MzAwMjYxOTU5MQ==&mid=230820478&idx=2&sn=f6e4b6a15cfd50fdfa05a12e0fd926e2&3rd=MzA3MDU4NTYzMw==&scene=6#rd","http://img01.store.sogou.com/net/a/04/link?appid=100520031&url=http://mmbiz.qpic.cn/mmbiz/RiaFpT5S5NOtvHQAVcrxWSZPNZNLg3UQPLia3slmicmQH00Vw6nwGAX8HRV2lDoiavKvBYTNhhW1g8nwV4D5hbXWNQ/0?wx_fmt=jpeg"
"23","建大科协","http://mp.weixin.qq.com/s?__biz=MzAwMjYxOTU5MQ==&mid=230820478&idx=2&sn=f6e4b6a15cfd50fdfa05a12e0fd926e2&3rd=MzA3MDU4NTYzMw==&scene=6#rd","http://img01.store.sogou.com/net/a/04/link?appid=100520031&url=http://mmbiz.qpic.cn/mmbiz/iaxPvapHbFwoQmwxaqrsrpxvuacx4CpwRFvVDJN9p8NZjdMcFtgvSfPFTJpkmVFbpMz53Jp1rpQL3S7AKqz1Ezg/0?wx_fmt=jpeg"
"24","财商快讯","http://mp.weixin.qq.com/s?__biz=MzA5MDY1NTQwNw==&mid=209765332&idx=1&sn=88775bd0aec6f219eccaccaeba9464c5&3rd=MzA3MDU4NTYzMw==&scene=6#rd","http://img01.store.sogou.com/net/a/04/link?appid=100520031&url=http://mmbiz.qpic.cn/mmbiz/aiauLMyB9DFcVkrdwChOXR3ichdmM2c5Nic2Sb1q6rEdIxdiaHTQOMHRUYwD3fZeaXiabH4eXAvHZm0b9SWiac5LQVvg/0?wx_fmt=jpeg"
"25","健康财富与您同行","http://mp.weixin.qq.com/s?__biz=MzA5MDY1NTQwNw==&mid=209765332&idx=1&sn=88775bd0aec6f219eccaccaeba9464c5&3rd=MzA3MDU4NTYzMw==&scene=6#rd","http://img01.store.sogou.com/net/a/04/link?appid=100520031&url=http://mmbiz.qpic.cn/mmbiz/roze0YkDibqtfGibHeJRYiblNDeWd9LzZHUoYm2djzM2QwbcE1y9Uj6FeF2mAlMudCJ1xJaCBMZBozI4q8oHiazX6g/0?wx_fmt=jpeg"
"26","洛克8","http://mp.weixin.qq.com/s?__biz=MjM5MTg1MTk4Mw==&mid=209751195&idx=1&sn=7e9853f2c1a17edaac6c5c20eba6c0f4&3rd=MzA3MDU4NTYzMw==&scene=6#rd","http://img01.store.sogou.com/net/a/04/link?appid=100520031&url=http://mmbiz.qpic.cn/mmbiz/SVOxDS4SoROyAGEvlxWVZtU5iaRUS9CZ9fkSZYibg57vw1FmkcxIAjiaQ7PlpBicd9dmiaTncjsnfyvwYhfhV2hEwmQ/0?wx_fmt=jpeg"
"27","湘水院微校园","http://mp.weixin.qq.com/s?__biz=MjM5MTg1MTk4Mw==&mid=209751195&idx=1&sn=7e9853f2c1a17edaac6c5c20eba6c0f4&3rd=MzA3MDU4NTYzMw==&scene=6#rd","http://img01.store.sogou.com/net/a/04/link?appid=100520031&url=http://mmbiz.qpic.cn/mmbiz/GEpIrZGUsO2libCSQ540adHib5bpPwjKM3McJ9NqMzIQC7ickDsK7zNV5Yc9B4losictAzfIlqJicpCV4iaUgZsjQuRQ/0?wx_fmt=jpeg"
"28","小迷糊lyh","http://mp.weixin.qq.com/s?__biz=MzA3MzQzMTA2MA==&mid=210262628&idx=1&sn=2e9372a228e86e1762ad22fa863bede5&3rd=MzA3MDU4NTYzMw==&scene=6#rd","http://img01.store.sogou.com/net/a/04/link?appid=100520031&url=http://mmbiz.qpic.cn/mmbiz/yr4amn6h7G3JCSddWUxfck3r7lwqQia35q97cp27wWCQeDkSkQicdtWREs6K3FgOehFKXmdbNJAT6PR8icQviaiaib7g/0?wx_fmt=jpeg"
"29","乌海圈","http://mp.weixin.qq.com/s?__biz=MzA3MzQzMTA2MA==&mid=210262628&idx=1&sn=2e9372a228e86e1762ad22fa863bede5&3rd=MzA3MDU4NTYzMw==&scene=6#rd","http://img01.store.sogou.com/net/a/04/link?appid=100520031&url=http://mmbiz.qpic.cn/mmbiz/1znl9R8CfUfrZemRTau6SIfpJcR5NNA2iapBEgRlSQ60MHBQLW6wJe11Wu8OViabL6Tw6rjob7lsfX0UaeYCibqicg/0?wx_fmt=jpeg"
"30","河南科技大学","http://mp.weixin.qq.com/s?__biz=MzAxODYxMTUxNg==&mid=212621115&idx=2&sn=7cccde7ea8542c2adf6b2ddfd59c9ff3&3rd=MzA3MDU4NTYzMw==&scene=6#rd","http://img01.store.sogou.com/net/a/04/link?appid=100520031&url=http://mmbiz.qpic.cn/mmbiz/1h2ZCHSHA5YiaoXxialmct4xVj3E2iahyZZvD7p31MEar4Rt01B8xPAx00ibNNjbbyZat7Ape8pfKfibhrMghJRa37g/0?wx_fmt=jpeg"
"31","电商解析","http://mp.weixin.qq.com/s?__biz=MzAxNjAxMDI1Mw==&mid=211227290&idx=3&sn=5d205537e610b3eb7d1c17510fa61439&3rd=MzA3MDU4NTYzMw==&scene=6#rd","http://img01.store.sogou.com/net/a/04/link?appid=100520031&url=http://mmbiz.qpic.cn/mmbiz/WabTAjoKs6cXwd8b1P7AvJib4m7YWqnDNo6MUondsbZZnKaCCfC9CHYQUn9ZKUefEZmmhqlG1JbMpLMHrB1SFcA/0?wx_fmt=jpeg"
"32","雷帝触网","http://mp.weixin.qq.com/s?__biz=MjM5MzQ5NjIyMQ==&mid=208916245&idx=2&sn=6344eafc824f8bf9db7db9da33bfb997&3rd=MzA3MDU4NTYzMw==&scene=6#rd","http://img01.store.sogou.com/net/a/04/link?appid=100520031&url=http://mmbiz.qpic.cn/mmbiz/nPuk1hxhokjsXhMIkjFvP1QcyOjjkRrfuUHP3gX9F4tak9Ap8ibG3HWm3EvbrmcBVPh9iaprosFODjib0xc0HEmUA/0?wx_fmt=jpeg"
"33","全中看传媒","http://mp.weixin.qq.com/s?__biz=MjM5MzQ5NjIyMQ==&mid=208916245&idx=2&sn=6344eafc824f8bf9db7db9da33bfb997&3rd=MzA3MDU4NTYzMw==&scene=6#rd","http://img01.store.sogou.com/net/a/04/link?appid=100520031&url=http://mmbiz.qpic.cn/mmbiz/wWbgGAn6GPGNibHK8hicwStvRaeQicN7YF2jsPnxQamP6obapdhlh5VE4egudPVsu7gX15V4BJMAk4u62xrzL5V4A/0?wx_fmt=jpeg"
"34","元浦说文","http://mp.weixin.qq.com/s?__biz=MjM5OTU4NjMwMA==&mid=208395979&idx=1&sn=6a75168040ebaba28931d78c8d3cd58e&3rd=MzA3MDU4NTYzMw==&scene=6#rd","http://img01.store.sogou.com/net/a/04/link?appid=100520031&url=http://mmbiz.qpic.cn/mmbiz/kg1eNQicHRbicLrGkdAwfyFJDR499CaqdWB9VUDaOVXqd3Aiaico3LDicLkjicGplaR8GkOibPKRkibRaEsNfspZaY8Ddw/0?wx_fmt=jpeg"
"35","全中看传媒","http://mp.weixin.qq.com/s?__biz=MjM5OTU4NjMwMA==&mid=208395979&idx=1&sn=6a75168040ebaba28931d78c8d3cd58e&3rd=MzA3MDU4NTYzMw==&scene=6#rd","http://img01.store.sogou.com/net/a/04/link?appid=100520031&url=http://mmbiz.qpic.cn/mmbiz/wWbgGAn6GPHg1LvzY9coLlEOGsmDRK5jKZkmMngsaztOtRo1eCoYFBmrQHRb4hVABoXJNRbAqhW9nO26icIjtzA/0?wx_fmt=jpeg"
"36","今后贷","http://mp.weixin.qq.com/s?__biz=MzA5OTcxMzEwNg==&mid=409728117&idx=3&sn=76364435bad4c9fc0f8bad6017593811&3rd=MzA3MDU4NTYzMw==&scene=6#rd","http://img01.store.sogou.com/net/a/04/link?appid=100520031&url=http://mmbiz.qpic.cn/mmbiz/lhpAW2pOl28AYUxgDpnic1AYFXsAX8ezhT0P3TCibMSoK3Psia8Hfnke2zDqicd8QGn54GTRPYbX1ic0zWSTwUlz2oQ/0?wx_fmt=jpeg"
"37","法拉盛网NYFlushingcom","http://mp.weixin.qq.com/s?__biz=MzA5OTcxMzEwNg==&mid=409728117&idx=3&sn=76364435bad4c9fc0f8bad6017593811&3rd=MzA3MDU4NTYzMw==&scene=6#rd","http://img01.store.sogou.com/net/a/04/link?appid=100520031&url=http://mmbiz.qpic.cn/mmbiz/0QYoOiaz8sj2UIKzJ3rumgYTXwZPicgXE0P8ur6GwOC3kaicN8Thdh16XzktMTyibpC7clkjYLnn3SMUMMxHm0gKLg/0?wx_fmt=jpeg"
"38","营销4号线","http://mp.weixin.qq.com/s?__biz=MjM5OTU4NjMwMA==&mid=208407570&idx=1&sn=5037a22e54f5ea0268acf5ff75ff81db&3rd=MzA3MDU4NTYzMw==&scene=6#rd","http://img01.store.sogou.com/net/a/04/link?appid=100520031&url=http://mmbiz.qpic.cn/mmbiz/NG7Haq8uhycibFTE780LgevGcDK5hZOv1ttNVEZbibjdsjiat84VcjkZ39X9vV2INx0shxdfGxnL0Qq9ibruPEYCNw/0?wx_fmt=jpeg"
"39","滁州市科学技术协会","http://mp.weixin.qq.com/s?__biz=MjM5OTU4NjMwMA==&mid=208407570&idx=1&sn=5037a22e54f5ea0268acf5ff75ff81db&3rd=MzA3MDU4NTYzMw==&scene=6#rd","http://img01.store.sogou.com/net/a/04/link?appid=100520031&url=http://mmbiz.qpic.cn/mmbiz/8NALg9iaG9fZmj2QY0icsicpm8UpxDM95Nl3XmVlWMW8hrBXJyAm3lPkfnPicmHV2hcrGHDGpzzvbSXmoyNVq6bavw/0?wx_fmt=jpeg"
"40","湘涵文化传播","http://mp.weixin.qq.com/s?__biz=MzAwMzIxMjUyMw==&mid=208857600&idx=2&sn=84e6b4ac9f7b126b76c256efd6f3e330&3rd=MzA3MDU4NTYzMw==&scene=6#rd","http://img01.store.sogou.com/net/a/04/link?appid=100520031&url=http://mmbiz.qpic.cn/mmbiz/p5pwZkVGlMGN5ggCN7dbykYYpib5DEqnNwNJg2AyS3ucufNFgWn1icStb9yaQapxoyKQXZt8yIjic1U4ExvNpQAUg/0?wx_fmt=jpeg"
"41","科技圈","http://mp.weixin.qq.com/s?__biz=MjM5NjE2MjM1MA==&mid=208401857&idx=2&sn=35e1f7d7cff8cd9fa16dc3b62c51c782&3rd=MzA3MDU4NTYzMw==&scene=6#rd","http://img01.store.sogou.com/net/a/04/link?appid=100520031&url=http://mmbiz.qpic.cn/mmbiz/2oEWVQNVPBiazPMEbnJqwRrofoemb2WYcT1DcnfrziccUDUzvBT2Drvzib3kic5j4hqdvicW4gPhue1qlN4fHm6Pibuw/0?wx_fmt=jpeg"
"42","宋炜","http://mp.weixin.qq.com/s?__biz=MjM5NjE2MjM1MA==&mid=208401857&idx=2&sn=35e1f7d7cff8cd9fa16dc3b62c51c782&3rd=MzA3MDU4NTYzMw==&scene=6#rd","http://img01.store.sogou.com/net/a/04/link?appid=100520031&url=http://mmbiz.qpic.cn/mmbiz/EyfpoF2mWuYDdZTliarAgdCxEG9JQgQ9YzCRsZExcIoIjwqTdiciblqeiazMuQm0NpbFeQtBZic24icNID7VC9rz59LA/0?wx_fmt=jpeg"
"43","云头条","http://mp.weixin.qq.com/s?__biz=MjM5NzIxMTI0Mw==&mid=209602329&idx=4&sn=3b8ebb88beb747fe57c678af01530a47&3rd=MzA3MDU4NTYzMw==&scene=6#rd","http://img01.store.sogou.com/net/a/04/link?appid=100520031&url=http://mmbiz.qpic.cn/mmbiz/tJ5NYyM9MHCsHAhGYzwPbA6657NVv2jcl2JKNrqicLYrLus4ia6zBdmtYfMb0dEtRQ2B9ouKuiaicrfoX9vzsuLKGg/0?wx_fmt=jpeg"
"44","星广传媒","http://mp.weixin.qq.com/s?__biz=MjM5NzIxMTI0Mw==&mid=209602329&idx=4&sn=3b8ebb88beb747fe57c678af01530a47&3rd=MzA3MDU4NTYzMw==&scene=6#rd","http://img01.store.sogou.com/net/a/04/link?appid=100520031&url=http://mmbiz.qpic.cn/mmbiz/uKGZ6Uh9alVf9RpibS1xzR4tIV1IKjJl0X5GcNh2TMYiavj7hF0dxHfZrGZoibDqVyab5dVnKOTs0xK5hmCkT7kmg/0?wx_fmt=jpeg"
"45","广告雷达","http://mp.weixin.qq.com/s?__biz=MjM5MzM3NjM4MA==&mid=214362659&idx=1&sn=d31c8786ef5793bd8a6fbd3ce9a4a13d&3rd=MzA3MDU4NTYzMw==&scene=6#rd","http://img01.store.sogou.com/net/a/04/link?appid=100520031&url=http://mmbiz.qpic.cn/mmbiz/CHhHa22EfNcYxI3w1ibSawP5zaCh1o8Eh0B0dB11X5Bd4eIzTT5xDm2VouMiat8PX1SGtkQmlByTRr1u6s5TMQKQ/0?wx_fmt=jpeg"
"46","富嘉邦投资","http://mp.weixin.qq.com/s?__biz=MjM5MzM3NjM4MA==&mid=214362659&idx=1&sn=d31c8786ef5793bd8a6fbd3ce9a4a13d&3rd=MzA3MDU4NTYzMw==&scene=6#rd","http://img01.store.sogou.com/net/a/04/link?appid=100520031&url=http://mmbiz.qpic.cn/mmbiz/2xYEIibCvwcFkRjicO2GH6lRy35qcZibOeicbklRBgCR8zeLPxEjUt9VMKBDm8UeAgsNviarAomUhOczibLibWic2ib2SRw/0?wx_fmt=jpeg"
"47","腾讯科技","http://mp.weixin.qq.com/s?__biz=MjM5NzM0MTcwMg==&mid=208381492&idx=3&sn=e0db2d8b569a026dbdae5ec5227e03e1&3rd=MzA3MDU4NTYzMw==&scene=6#rd","http://img01.store.sogou.com/net/a/04/link?appid=100520031&url=http://mmbiz.qpic.cn/mmbiz/ow6przZuPIFYVKG7Xokw2dCqU6guKUyYL2WCSx8IN16o2ZfrA0lYKQ7zLIRzDgxe7p0F9GD8SPavYUDzI1ot0A/0?wx_fmt=jpeg"
"48","行长俱乐部","http://mp.weixin.qq.com/s?__biz=MjM5NzM0MTcwMg==&mid=208381492&idx=3&sn=e0db2d8b569a026dbdae5ec5227e03e1&3rd=MzA3MDU4NTYzMw==&scene=6#rd","http://img01.store.sogou.com/net/a/04/link?appid=100520031&url=http://mmbiz.qpic.cn/mmbiz/JVXia3dPbylqarqvCkocawFdgJ6ia4UogwJ0B2L5wwVoia3sP8rjS8iccl4DJSPx4QvZIIfNB4CCTWuicAhuTB2Arlw/0?wx_fmt=jpeg"
"49","ITou爱投","http://mp.weixin.qq.com/s?__biz=MjM5MDcxOTYxMw==&mid=219463412&idx=1&sn=d42090e517c682a70a05324b2476cac7&3rd=MzA3MDU4NTYzMw==&scene=6#rd","http://img01.store.sogou.com/net/a/04/link?appid=100520031&url=http://mmbiz.qpic.cn/mmbiz/KkJ7jRPQ7RfiaxbibXJtBZYXMv6sZJdXu2aNG1HxQk91INyQ0HJ8f6halRaajjERcpmWrqvCfBGO6lY4VVNzI5WQ/0?wx_fmt=jpeg"
"50","科技立方","http://mp.weixin.qq.com/s?__biz=MjM5ODY4MjQ0MA==&mid=211919699&idx=1&sn=7becda2f8e4cd77057af1504472afa76&3rd=MzA3MDU4NTYzMw==&scene=6#rd","http://img01.store.sogou.com/net/a/04/link?appid=100520031&url=http://mmbiz.qpic.cn/mmbiz/0WUxf2LJU1bMm3G6BqsfBHw1DWrWTzibHEyjFyC9z297oqL4ibMc5kJVZWhRmiaMRpYy9OzicjukV6aXc59hMVv1kQ/0?wx_fmt=gif"
"51","大学生移动应用创新大赛","http://mp.weixin.qq.com/s?__biz=MzAxNzQxNTk3Mw==&mid=209811844&idx=1&sn=c1f8199d8d6e12a89ff2d7da9e935fbd&3rd=MzA3MDU4NTYzMw==&scene=6#rd","http://img01.store.sogou.com/net/a/04/link?appid=100520031&url=http://mmbiz.qpic.cn/mmbiz/Foy7V9DfoTa2nJ57essiblICns1qsU38wdSURIiadgOv8Q5XeNUltXNJiaH8MH7a2WGYNJLOqqTZD0FllKNC4toow/0?wx_fmt=jpeg"
"52","品牌与版权授权","http://mp.weixin.qq.com/s?__biz=MzAxNzQxNTk3Mw==&mid=209811844&idx=1&sn=c1f8199d8d6e12a89ff2d7da9e935fbd&3rd=MzA3MDU4NTYzMw==&scene=6#rd","http://img01.store.sogou.com/net/a/04/link?appid=100520031&url=http://mmbiz.qpic.cn/mmbiz/9YoGj1dJbAlbDIiaMwo0nEqb2OFbNb0ZsG9PtMhiaguibvFib7ZicgWAmpWaXujzSyskEpkm1eRoWQj4iaVTIsqRVttg/0?wx_fmt=jpeg"
"53","易展会","http://mp.weixin.qq.com/s?__biz=MzAwMTU5ODA4NQ==&mid=207690237&idx=1&sn=85522aacdacc76f84624459b4f81cfd9&3rd=MzA3MDU4NTYzMw==&scene=6#rd","http://img01.store.sogou.com/net/a/04/link?appid=100520031&url=http://mmbiz.qpic.cn/mmbiz/fJlwC4yfHtOc2mvg6FEX3L0s2QcTF0hsqW4JCVicv9Ir8wqdRpKdibFyznHsBmYKDqwy5xucuR9zJ93A99I6yOFA/0?wx_fmt=jpeg"
"54","中国房地产o2o商学院","http://mp.weixin.qq.com/s?__biz=MzAwMTU5ODA4NQ==&mid=207690237&idx=1&sn=85522aacdacc76f84624459b4f81cfd9&3rd=MzA3MDU4NTYzMw==&scene=6#rd","http://img01.store.sogou.com/net/a/04/link?appid=100520031&url=http://mmbiz.qpic.cn/mmbiz/vQUhicp1xwKwwXmKcOh9pmOAnKz5FzIpMFCNwgIYTvxQaGz01Qx6jQ2v3CNZScZSHXdwXtfXtXSR8aZibUyaXRqA/0?wx_fmt=jpeg"
"55","卡啦啦","http://mp.weixin.qq.com/s?__biz=MzAwNDYyMTgzMg==&mid=213179876&idx=3&sn=011ae5e2efb4fd3a0c3df8127f275a41&3rd=MzA3MDU4NTYzMw==&scene=6#rd","http://img01.store.sogou.com/net/a/04/link?appid=100520031&url=http://mmbiz.qpic.cn/mmbiz/4YOOztKbRWvE4SnpuxvLQXibkvib9u56YqaibgrAR34Bn8oJwyhvmuJwiaiaEiauzCFYicxZbZpSley2IbLPW5fj3gOxg/0?wx_fmt=jpeg"
"56","雷帝触网","http://mp.weixin.qq.com/s?__biz=MzAwNDYyMTgzMg==&mid=213179876&idx=3&sn=011ae5e2efb4fd3a0c3df8127f275a41&3rd=MzA3MDU4NTYzMw==&scene=6#rd","http://img01.store.sogou.com/net/a/04/link?appid=100520031&url=http://mmbiz.qpic.cn/mmbiz/nPuk1hxhokjjCUxZ2zZ6GdAXdzTTHZjuznJQ9fumJ16CsWw6fEroJsZIKick9DtywuesNY5KcjSoPribvlJUFUjQ/0?wx_fmt=jpeg"
"57","shengen","http://mp.weixin.qq.com/s?__biz=MzA4MDAxMDM4Nw==&mid=211252187&idx=2&sn=f463c83f888c0186d9099e0e209e99ae&3rd=MzA3MDU4NTYzMw==&scene=6#rd","http://img01.store.sogou.com/net/a/04/link?appid=100520031&url=http://mmbiz.qpic.cn/mmbiz/4ibaDw7CDLASHjWiazDA2zNKl5aNlmC9nia14PHBI17bqcViaiahAdQDwWkGrRTnwUVjjepAeo0x8wfq3WuzQHwRpew/0?wx_fmt=jpeg"
"58","创客风投圈","http://mp.weixin.qq.com/s?__biz=MzA4MDAxMDM4Nw==&mid=211252187&idx=2&sn=f463c83f888c0186d9099e0e209e99ae&3rd=MzA3MDU4NTYzMw==&scene=6#rd","http://img01.store.sogou.com/net/a/04/link?appid=100520031&url=http://mmbiz.qpic.cn/mmbiz/KibO0SH4dUgrktYXKdicS3sYf9bO5jiazmJUUeown8HtlPpDoXEia3WBica1ZGic705BM2P44C8A6ry1f2kwqSu6hXTA/0?wx_fmt=jpeg"
"59","海丰科技","http://mp.weixin.qq.com/s?__biz=MzA3MTIwNTAyOQ==&mid=209971981&idx=1&sn=886468d1c89dd5dc35986183ebe461ea&3rd=MzA3MDU4NTYzMw==&scene=6#rd","http://img01.store.sogou.com/net/a/04/link?appid=100520031&url=http://mmbiz.qpic.cn/mmbiz/2SC9Sw89VmHDFH2zBctUEmnfFnYQgtiblibaVVNicLLRzw6YsMNI8ibiaj2F0LeIDiaDTjQPpbCp2n5kzpuT7icIMonUw/0?wx_fmt=jpeg"
"60","中国ci网","http://mp.weixin.qq.com/s?__biz=MzA3MjkxNzMxOQ==&mid=210267995&idx=1&sn=81a679cc2a2756404b23f5b7decc3783&3rd=MzA3MDU4NTYzMw==&scene=6#rd","http://img01.store.sogou.com/net/a/04/link?appid=100520031&url=http://mmbiz.qpic.cn/mmbiz/Pyq8ibTR4dAvy35RW1AeNiaNt4pmkBXNUic4gOFXpaIHr6KmuXNZ9Gf96b7mf2MPbibIsBZOruHJsNU8h2pFmUGR3Q/0?wx_fmt=jpeg"
"61","阳泉北大街Lenovo地标店","http://mp.weixin.qq.com/s?__biz=MjM5NjA3MjE2OA==&mid=207216878&idx=4&sn=efe0c5b8092081cecec5f8fed4af0fda&3rd=MzA3MDU4NTYzMw==&scene=6#rd","http://img01.store.sogou.com/net/a/04/link?appid=100520031&url=http://mmbiz.qpic.cn/mmbiz/jBfj0okiaxyvibr6VibkL20bdTxFgWXiaMfFJhbgshSqgeusE6cnf0NTfIzfdyOt442yesAP6wkxGIUmjI3SfdlSPw/0?wx_fmt=jpeg"
"62","PCB开门网","http://mp.weixin.qq.com/s?__biz=MjM5NjA3MjE2OA==&mid=207216878&idx=4&sn=efe0c5b8092081cecec5f8fed4af0fda&3rd=MzA3MDU4NTYzMw==&scene=6#rd","http://img01.store.sogou.com/net/a/04/link?appid=100520031&url=http://mmbiz.qpic.cn/mmbiz/WKAU13USCAV3EYdFfIALFkjw2VqNdUwMjo1YFxKbibKrDma6hOHibOPWXHX0u88dVJ0AFD5zyIYqHnibA1P29Wu3w/0?wx_fmt=jpeg"
"63","6112小游戏","http://mp.weixin.qq.com/s?__biz=MzA5MzkyMzMwNg==&mid=208520762&idx=4&sn=e8d6217f85e10569a3f8b822ca54cb92&3rd=MzA3MDU4NTYzMw==&scene=6#rd","http://img01.store.sogou.com/net/a/04/link?appid=100520031&url=http://mmbiz.qpic.cn/mmbiz/wnvdKJribYMFATclz0PicCTpQy8ZPWicFDnMuhFIIlIZcqps6VTAZ82J6SIPghnLqsTaLYib30d4lA6dU75dxeiatjQ/0?wx_fmt=jpeg"
"64","厦门博看文思","http://mp.weixin.qq.com/s?__biz=MzA5MzkyMzMwNg==&mid=208520762&idx=4&sn=e8d6217f85e10569a3f8b822ca54cb92&3rd=MzA3MDU4NTYzMw==&scene=6#rd","http://img01.store.sogou.com/net/a/04/link?appid=100520031&url=http://mmbiz.qpic.cn/mmbiz/ueGiaRqH1Ux6iaMXbiak85y0UsPic5bn0LBfNm6XIEeEE18d2t0BvQ2SFBnlAb9iabQWzeYH4icr6VE9r9WLIxxSA4ZA/0?wx_fmt=jpeg"
"65","劳动法顾问邱厚贤","http://mp.weixin.qq.com/s?__biz=MzAxNzU2NTE0NQ==&mid=207529413&idx=5&sn=c5d1f3c5afdddca3172678eac4280e9d&3rd=MzA3MDU4NTYzMw==&scene=6#rd","http://img01.store.sogou.com/net/a/04/link?appid=100520031&url=http://mmbiz.qpic.cn/mmbiz/iaLic4KC0S9r2nSTiay0g69BdyeFuGVh4eoVibYEyFbbiaNjGPJ3lojDlAbK0KictOj2rnbzKt86NaRumSBzds4TTVPg/0?wx_fmt=jpeg"
"66","腾宇招投标信息服务平台","http://mp.weixin.qq.com/s?__biz=MzAxNzU2NTE0NQ==&mid=207529413&idx=5&sn=c5d1f3c5afdddca3172678eac4280e9d&3rd=MzA3MDU4NTYzMw==&scene=6#rd","http://img01.store.sogou.com/net/a/04/link?appid=100520031&url=http://mmbiz.qpic.cn/mmbiz/G7rKegJOlpoQbKo9Hiajm66IMCweUaHicFkDmdCumOVXQ7To9AI479LcXkFT0jUEa88IP3TdKlFLp2xHTDeThD3Q/0?wx_fmt=jpeg"
"67","微电通","http://mp.weixin.qq.com/s?__biz=MzAxODM4OTk0NA==&mid=208745223&idx=3&sn=6cdd27863d6d8201109380feb5bc3fed&3rd=MzA3MDU4NTYzMw==&scene=6#rd","http://img01.store.sogou.com/net/a/04/link?appid=100520031&url=http://mmbiz.qpic.cn/mmbiz/iaesGkhMFtnB7mLnRTEfEF3Q2YCeZlmzDKjOXfkKsZow0YNGOI3ribaUlxcGa6NeCJzOURsLew0jpmuOj8iawxz5w/0?wx_fmt=jpeg"
"68","居无忧大余服务站","http://mp.weixin.qq.com/s?__biz=MzAxODM4OTk0NA==&mid=208745223&idx=3&sn=6cdd27863d6d8201109380feb5bc3fed&3rd=MzA3MDU4NTYzMw==&scene=6#rd","http://img01.store.sogou.com/net/a/04/link?appid=100520031&url=http://mmbiz.qpic.cn/mmbiz/Gx15SHTNNEsMWVGDv8oBdX5r3Ipk4NkHIYK8oibgia48efTkf6D7NbO0G8F1SYxUsaZe0Hk3BnvrWOPKPr7AXzHg/0?wx_fmt=jpeg"
"69","MX商城","http://mp.weixin.qq.com/s?__biz=MzIwMDAwODkyMA==&mid=226863330&idx=4&sn=e3a68164ea789ed6908352e2fae4c3be&3rd=MzA3MDU4NTYzMw==&scene=6#rd","http://img01.store.sogou.com/net/a/04/link?appid=100520031&url=http://mmbiz.qpic.cn/mmbiz/kHcMicotibdkc5iaOvv1VDRrdBqwQemQ3cpH4EImjW3IxDrJqZtMicdUZX1ajcQ4aesNro83vIeR6SLKG73VpL8tNA/0?wx_fmt=jpeg"
"70","创业天使公益基金会","http://mp.weixin.qq.com/s?__biz=MzA5OTkzMDM5OQ==&mid=210680716&idx=4&sn=eed8dc5ea277b5cf9715c8541d7e7f57&3rd=MzA3MDU4NTYzMw==&scene=6#rd","http://img01.store.sogou.com/net/a/04/link?appid=100520031&url=http://mmbiz.qpic.cn/mmbiz/JZzzWebw2NfmNpC5ibmibRXdpxIFibpiaq9dSic2fvGHblsVNtoMK1Qok0Y3Ng7PkNA8gxmLZWiaibhPBBiaow1jMWbflQ/0?wx_fmt=jpeg"
"71","汉翔环境技术","http://mp.weixin.qq.com/s?__biz=MzA5OTkzMDM5OQ==&mid=210680716&idx=4&sn=eed8dc5ea277b5cf9715c8541d7e7f57&3rd=MzA3MDU4NTYzMw==&scene=6#rd","http://img01.store.sogou.com/net/a/04/link?appid=100520031&url=http://mmbiz.qpic.cn/mmbiz/bo9XwcQFlTOlYiah4AhayuLpUxCfSmUzXp5TgBcsfsVgo069PWJqD6icMB3UaCM21gvRtNgrD2lX2dgsOeTwL0UA/0?wx_fmt=jpeg"
"72","腾讯文化","http://mp.weixin.qq.com/s?__biz=MjM5NTUxODEwNg==&mid=219555487&idx=3&sn=c68dd547e6670f44ebc12db9df3fbbfb&3rd=MzA3MDU4NTYzMw==&scene=6#rd","http://img01.store.sogou.com/net/a/04/link?appid=100520031&url=http://mmbiz.qpic.cn/mmbiz/ETq4zlJBJbmOwFic22B5AJeFZyrsxc6DbOOy494vUuu7v8wpUZ1jaZm9WmWcWlughmcbsBsRicZ0NKyeUPIYrNlA/0?wx_fmt=jpeg"
"73","中国网商联盟","http://mp.weixin.qq.com/s?__biz=MjM5NTUxODEwNg==&mid=219555487&idx=3&sn=c68dd547e6670f44ebc12db9df3fbbfb&3rd=MzA3MDU4NTYzMw==&scene=6#rd","http://img01.store.sogou.com/net/a/04/link?appid=100520031&url=http://mmbiz.qpic.cn/mmbiz/IWeibALoncYADP2MUDpLMlhia0w0pu068lKB3xI1eqL8qWVZNCEnic5e2AibAFtGibibpAmsn2Bkiabj5OkK9RfeKQl7A/0?wx_fmt=jpeg"
"74","智谷云港","http://mp.weixin.qq.com/s?__biz=MjI2NjM4MzIyMQ==&mid=210677713&idx=1&sn=3a4ce13c98c78178ae7f856595b2a45e&3rd=MzA3MDU4NTYzMw==&scene=6#rd","http://img01.store.sogou.com/net/a/04/link?appid=100520031&url=http://mmbiz.qpic.cn/mmbiz/tFMJXAOiaYL9ibKoAM1icYBJGiaL61OgUtK9vK0TibWZdm2k7ciaGrgmAqicEONDV0gl70v46VkDQKPIoX6kqyE4heS9w/0?wx_fmt=jpeg"
"75","社群经济实验室","http://mp.weixin.qq.com/s?__biz=MjI2NjM4MzIyMQ==&mid=210677713&idx=1&sn=3a4ce13c98c78178ae7f856595b2a45e&3rd=MzA3MDU4NTYzMw==&scene=6#rd","http://img01.store.sogou.com/net/a/04/link?appid=100520031&url=http://mmbiz.qpic.cn/mmbiz/pPASicj7PiaPvlbJYBK5icaSZ27x8oTAqv16foICwYyWfK86Cd412WUyvKibFVOmvmmzfmaT9Zr12bkZL8ak1SKPdQ/0?wx_fmt=jpeg"
"76","全中看传媒","http://mp.weixin.qq.com/s?__biz=MzA3MTM0NTMzMQ==&mid=207710603&idx=2&sn=3e9c14b82f86f8e0183fe6a0343d9d85&3rd=MzA3MDU4NTYzMw==&scene=6#rd","http://img01.store.sogou.com/net/a/04/link?appid=100520031&url=http://mmbiz.qpic.cn/mmbiz/wWbgGAn6GPFVpxiaz8ADbtCfEIFdJSIM31STLNkDYtWrhThIMrtQ1vk8YicW2U7rgOMvCBc1gUyO2cGGbcWkF50g/0?wx_fmt=jpeg"
"77","辽联集团","http://mp.weixin.qq.com/s?__biz=MzA3MTM0NTMzMQ==&mid=207710603&idx=2&sn=3e9c14b82f86f8e0183fe6a0343d9d85&3rd=MzA3MDU4NTYzMw==&scene=6#rd","http://img01.store.sogou.com/net/a/04/link?appid=100520031&url=http://mmbiz.qpic.cn/mmbiz/J1Wq4ssqr5pGlpaDtACjh71JuLm3dCs2Qvviar3ADuZpUH0Q2r5EkIPhXCdahOU6ibKMGAOMuvmqMDCDGuYoRhMQ/0?wx_fmt=jpeg"
"78","电子商务培训","http://mp.weixin.qq.com/s?__biz=MzAwNjUwOTU2Ng==&mid=208229968&idx=2&sn=aa764caa85cf3ffbf3a5460a36b0ff43&3rd=MzA3MDU4NTYzMw==&scene=6#rd","http://img01.store.sogou.com/net/a/04/link?appid=100520031&url=http://mmbiz.qpic.cn/mmbiz/I1aPU1lWfQUy3zsg1w8oiaTkUibyicBL0Pjn9rzyQIy9iapqeQcCLMibuIZp8Kh2OvaMUIic5ic4FsCq94TKtJF7tgdFw/0?wx_fmt=jpeg"
"79","支点在线阅读号","http://mp.weixin.qq.com/s?__biz=MzA3OTc1NTg5OA==&mid=207809878&idx=1&sn=eb81c64c5b0665237c7a8ab0feec4b51&3rd=MzA3MDU4NTYzMw==&scene=6#rd","http://img01.store.sogou.com/net/a/04/link?appid=100520031&url=http://mmbiz.qpic.cn/mmbiz/3Pwb5RXDBibibYaP29tmv7gIgNr7IkDdZCRworPIcY9mXCUuIpyEPY0XjUPkN0a7gXCyLJ6AaWVgman8L3Dnz0tw/0?wx_fmt=jpeg"
"80","美高会","http://mp.weixin.qq.com/s?__biz=MzA5ODU0NzkzNg==&mid=208800426&idx=1&sn=ba22802b16f799aadf5450e6b27c0b3e&3rd=MzA3MDU4NTYzMw==&scene=6#rd","http://img01.store.sogou.com/net/a/04/link?appid=100520031&url=http://mmbiz.qpic.cn/mmbiz/qrhqBNeReaLibmTIJhFOsensNLickztObU975anuktPbSmUzeGPZQHAaOQbOEQrG0Huj0OUh9BdibZCjbLKJVnTrA/0?wx_fmt=jpeg"
"81","腾讯科技","http://mp.weixin.qq.com/s?__biz=MzA5ODU0NzkzNg==&mid=208800426&idx=1&sn=ba22802b16f799aadf5450e6b27c0b3e&3rd=MzA3MDU4NTYzMw==&scene=6#rd","http://img01.store.sogou.com/net/a/04/link?appid=100520031&url=http://mmbiz.qpic.cn/mmbiz/ow6przZuPIESwyZvfdHmBib6NSN4nMddd2oyJmjJXibEFrKeB3fgClw3RWH5ZwZWdCk8fAOkLwicSO5S1YBXlGH1w/0?wx_fmt=jpeg"
"82","IT数码科技控","http://mp.weixin.qq.com/s?__biz=Mjc1NjM3MjY2MA==&mid=223046248&idx=1&sn=cba6d94c61b21bbd62d185e295ebe79d&3rd=MzA3MDU4NTYzMw==&scene=6#rd","http://img01.store.sogou.com/net/a/04/link?appid=100520031&url=http://mmbiz.qpic.cn/mmbiz/RZqEtpRaufO4BnLia88jKteJnNTNOyttSlsNu9PmLZZKXicojtXicrYjXgI2xdqdRMeqJ88Eia5s7ZWKz1yXjGBCqQ/0?wx_fmt=jpeg"
"83","腾讯科技","http://mp.weixin.qq.com/s?__biz=Mjc1NjM3MjY2MA==&mid=223046248&idx=1&sn=cba6d94c61b21bbd62d185e295ebe79d&3rd=MzA3MDU4NTYzMw==&scene=6#rd","http://img01.store.sogou.com/net/a/04/link?appid=100520031&url=http://mmbiz.qpic.cn/mmbiz/ow6przZuPIFYVKG7Xokw2dCqU6guKUyYkDKULLTXpxgFAxVdQkgaPoFFIYFSWvy7mQfApDsFQeiaFh9nP4GjlOw/0?wx_fmt=jpeg"
"84","全民手机党","http://mp.weixin.qq.com/s?__biz=MzA5OTk3MjYzMA==&mid=209170144&idx=2&sn=955e2cbc4dd061e6edcd73807387c833&3rd=MzA3MDU4NTYzMw==&scene=6#rd","http://img01.store.sogou.com/net/a/04/link?appid=100520031&url=http://mmbiz.qpic.cn/mmbiz/pgUOcRuoaJSIYtqZr3YT8w8S8dcFK6sXkZEoEleFGicibYKQFNqtd4BK6wnAUMricCa97gLZFQvWvMpdnHmnzG8Sg/0?wx_fmt=jpeg"
"85","手游圈内人","http://mp.weixin.qq.com/s?__biz=MzA5OTk3MjYzMA==&mid=209170144&idx=2&sn=955e2cbc4dd061e6edcd73807387c833&3rd=MzA3MDU4NTYzMw==&scene=6#rd","http://img01.store.sogou.com/net/a/04/link?appid=100520031&url=http://mmbiz.qpic.cn/mmbiz/zfQiazgdficB7yv9xiaz2K08dKeV2LRTz0vt1cBudLZQjsmc8KKmNzZEvbokwdPiaVz50eeLPdK2KTXm4Rk86R2ABQ/0?wx_fmt=jpeg"
"86","单飞企鹅俱乐部","http://mp.weixin.qq.com/s?__biz=Mjc1NjM3MjY2MA==&mid=222755567&idx=3&sn=116a505904a9dfbde8ae46230482cad8&3rd=MzA3MDU4NTYzMw==&scene=6#rd","http://img01.store.sogou.com/net/a/04/link?appid=100520031&url=http://mmbiz.qpic.cn/mmbiz/VLgjbmicLdxrFpMTwEhVibCbkwDWvwlcaB6Q3ibUtShWeq4ZRicSffyA8ialx8oEZUMVnw9wkLfZLRzzvIE6qz4cnCQ/0?wx_fmt=jpeg"
"87","微蜂品牌策划","http://mp.weixin.qq.com/s?__biz=Mjc1NjM3MjY2MA==&mid=222755567&idx=3&sn=116a505904a9dfbde8ae46230482cad8&3rd=MzA3MDU4NTYzMw==&scene=6#rd","http://img01.store.sogou.com/net/a/04/link?appid=100520031&url=http://mmbiz.qpic.cn/mmbiz/3rvfGicHz8NBsZExW0FFawbX3GhrHTdf6jLy8ZeZFbf6xO4cTqiahL5aGrZ76xPeBC7rOJfNGGyy4Lh2CrV0ArDg/0?wx_fmt=jpeg"
"88","影匠联盟","http://mp.weixin.qq.com/s?__biz=MzAwMzM3NDQ5MQ==&mid=208603116&idx=1&sn=34c93bd509ca17b49808059735cdfffc&3rd=MzA3MDU4NTYzMw==&scene=6#rd","http://img01.store.sogou.com/net/a/04/link?appid=100520031&url=http://mmbiz.qpic.cn/mmbiz/mYPwpsSe8ianouzebJBYykh2TA7KGHqQYGpPNsBm8cOTib2ichKibUibuJVCRpQF2rg0gKD2HU9x6n4BvQQPuS4vHQw/0?wx_fmt=jpeg"
"89","深圳同城","http://mp.weixin.qq.com/s?__biz=MjM5MTk5MDQ2MQ==&mid=211133882&idx=3&sn=c3fc1ca81a8a39262d42df03c84edbaf&3rd=MzA3MDU4NTYzMw==&scene=6#rd","http://img01.store.sogou.com/net/a/04/link?appid=100520031&url=http://mmbiz.qpic.cn/mmbiz/BC25s3Mhv67E7R9PxwW2Oz1BBzJWCkicR0581bsofpoocm5IvuphvJK8lQeRtQQkc82aLZt4dbmmlKCI7DkS7BA/0?wx_fmt=jpeg"
"90","腾讯科技","http://mp.weixin.qq.com/s?__biz=Mjc1NjM3MjY2MA==&mid=223046248&idx=4&sn=9d169cb1b374dea6d4e54da4bc3a20bb&3rd=MzA3MDU4NTYzMw==&scene=6#rd","http://img01.store.sogou.com/net/a/04/link?appid=100520031&url=http://mmbiz.qpic.cn/mmbiz/ow6przZuPIESwyZvfdHmBib6NSN4nMdddD59Wfy1icmR6oo0fR5Id4LDXs3WtzlIwhrQErxoMq50licPQSibXscysw/0?wx_fmt=jpeg"
"91","力莱科技","http://mp.weixin.qq.com/s?__biz=Mjc1NjM3MjY2MA==&mid=223046248&idx=4&sn=9d169cb1b374dea6d4e54da4bc3a20bb&3rd=MzA3MDU4NTYzMw==&scene=6#rd","http://img01.store.sogou.com/net/a/04/link?appid=100520031&url=http://mmbiz.qpic.cn/mmbiz/dL7Fb1m4ZOKxUIGJHJpGTriciafyW4l1NDV8ic0iaEyzH1j4zr4umm33l7sgUR5qRTElGtdic2VBu0Jch9w4Fe2sQHA/0?wx_fmt=jpeg"
"92","雷帝触网","http://mp.weixin.qq.com/s?__biz=MjM5NjY5OTQ1Ng==&mid=208438635&idx=3&sn=762ef2728a2d2a98658c51687115d12f&3rd=MzA3MDU4NTYzMw==&scene=6#rd","http://img01.store.sogou.com/net/a/04/link?appid=100520031&url=http://mmbiz.qpic.cn/mmbiz/nPuk1hxhokjjCUxZ2zZ6GdAXdzTTHZju5sxurS12vvEYzXVLZvbLbAGo82cHSA2XLAeDsG2S9bjObSLja1wibLw/0?wx_fmt=jpeg"
"93","金娃娃盒子手机POS机","http://mp.weixin.qq.com/s?__biz=MjM5NjY5OTQ1Ng==&mid=208438635&idx=3&sn=762ef2728a2d2a98658c51687115d12f&3rd=MzA3MDU4NTYzMw==&scene=6#rd","http://img01.store.sogou.com/net/a/04/link?appid=100520031&url=http://mmbiz.qpic.cn/mmbiz/s9VqH67VFFFswbxJAklibqg6LJCHnicq684ncFTMhztsow5mK90x7s1SwboSEQsZyXF2d3glwhHbW65J3QzJCsBQ/0?wx_fmt=jpeg"
"94","腾讯科技","http://mp.weixin.qq.com/s?__biz=MjM5MzQ5NjIyMQ==&mid=208945895&idx=4&sn=f51b8a1c51f0e61c0607097ed276f2ed&3rd=MzA3MDU4NTYzMw==&scene=6#rd","http://img01.store.sogou.com/net/a/04/link?appid=100520031&url=http://mmbiz.qpic.cn/mmbiz/ow6przZuPIESwyZvfdHmBib6NSN4nMddd9bHrqn1jzHjuxqLbYUWdJSgPnicP1EQoM9o1xk8duLbSgIsz3f82jwg/0?wx_fmt=jpeg"
"95","O2O实践","http://mp.weixin.qq.com/s?__biz=MjM5MzQ5NjIyMQ==&mid=208945895&idx=4&sn=f51b8a1c51f0e61c0607097ed276f2ed&3rd=MzA3MDU4NTYzMw==&scene=6#rd","http://img01.store.sogou.com/net/a/04/link?appid=100520031&url=http://mmbiz.qpic.cn/mmbiz/3faFdWWv0pTOYrcAQxE2IyEWb31Wxicxw504UbkjRPLkQQUeCJ1vcMz6YBQ9VmpJ4d4ugCNOluk9as8Z7UJc5dg/0?wx_fmt=jpeg"
"96","三板在线","http://mp.weixin.qq.com/s?__biz=MjM5NTE2MDI1Nw==&mid=210427980&idx=6&sn=95f467b7032e401040700a01f1e0136b&3rd=MzA3MDU4NTYzMw==&scene=6#rd","http://img01.store.sogou.com/net/a/04/link?appid=100520031&url=http://mmbiz.qpic.cn/mmbiz/WZbWdG8rt95yo9lnicadxHlicibaTQQHUUjAnrOTE673n8nl1FkkuxmC1LpLK8YOdNLicl9XJGQUPVpAibuXbEB4dDQ/0?wx_fmt=jpeg"
"97","雷帝触网","http://mp.weixin.qq.com/s?__biz=MjM5NTE2MDI1Nw==&mid=210427980&idx=6&sn=95f467b7032e401040700a01f1e0136b&3rd=MzA3MDU4NTYzMw==&scene=6#rd","http://img01.store.sogou.com/net/a/04/link?appid=100520031&url=http://mmbiz.qpic.cn/mmbiz/nPuk1hxhokhPrr6qZCh1rmGqZic9IEMAE9kcdY0Aiaw4kn9iahTJvz1bMHPI2kcbnn02ZTNe7pW0TxMeK1R2FicX6Q/0?wx_fmt=jpeg"
"98","雷帝触网","http://mp.weixin.qq.com/s?__biz=Mjc1NjM3MjY2MA==&mid=223046248&idx=2&sn=ddedbac0e36191ca4329b767ffe4e3e0&3rd=MzA3MDU4NTYzMw==&scene=6#rd","http://img01.store.sogou.com/net/a/04/link?appid=100520031&url=http://mmbiz.qpic.cn/mmbiz/nPuk1hxhokhPrr6qZCh1rmGqZic9IEMAE46YQKo6ljGIutK2qJVTKoNLfw9riaN6ByogFWzO2vjl1RWMwJ504gGg/0?wx_fmt=jpeg"
